DomainName,EndDate
planetengrund.com,2012-12-22 12:23:00
judgesamuelaalito.com,2012-12-22 12:24:00
ukcasinochips.com,2012-12-22 13:50:00
fnaire.com,2012-12-22 13:51:00
i2020.net,2012-12-22 13:52:00
rojo-enterprises.com,2012-12-23 12:47:00
giftwisher.com,2012-12-23 12:48:00
rushsylvaniachurchofchrist.com,2012-12-23 12:52:00
c-m-designs.com,2012-12-24 12:00:00
hoteldofrade.net,2012-12-24 12:01:00
wecantrainings.org,2012-12-24 12:02:00
airportterminaservices.info,2012-12-24 12:03:00
maxclick.net,2012-12-24 12:55:00
spampalforums.org,2012-12-24 12:56:00
twcminnesota.com,2012-12-24 13:10:00
